{"current_epoch": 25, "training_losses": [0.7566798329353333, 0.6208382248878479, 0.277374267578125, 0.22039154171943665, 0.1863531917333603, 0.13263531029224396, 0.1165146753191948, 0.10379236936569214, 0.09049133211374283, 0.0848991721868515, 0.08144397288560867, 0.08960403501987457, 0.07795977592468262, 0.07520852982997894, 0.08287931233644485, 0.07269129902124405, 0.07100696861743927, 0.07043992727994919, 0.06980866938829422, 0.06886791437864304, 0.06896371394395828, 0.06641724705696106, 0.0657869502902031, 0.06557043641805649, 0.06432689726352692], "validation_losses": [0.39113685488700867, 0.22541993856430054, 0.1363893449306488, 0.19652412831783295, 0.08624443411827087, 0.10697545856237411, 0.0766739472746849, 0.09677095711231232, 0.0753013864159584, 0.13785895705223083, 0.07211155444383621, 0.07039758563041687], "train_av_time": 258.74920201301575, "val_av_time": 431.62679946422577, "total_time": 2.3436005636718535, "best_val_loss": 0.07039758563041687, "test_loss": 0}